"MG_PR_type","MG_PR_root","MG_PR_toy","MG_PR_kuivaliete","MG_PR_ruok_0nonlock_1lock","MG_PR_feedtype","MG_PR_dirt","MG_PR_ster","MG_PREG_toy","OUT_SOWmortpro","OUT_SOWmortdic","OUT_SOWtotremoproNUM","OUT_SOWtotremdic","OUT_SOWcullproNUM","OUT_SOWculdic","OUT_JOINTproNUM","OUT_ABSproNUM","OUT_PLEURproNUM","OUT_PNEUMproNUM","OUT_LIVERproNUM","OUT_ORGANproNUM","OUT_SHOULDERproNUM","OUT_ALLproNUM","OUT_PARTproNUM","OUT_ANYproNUM","OUT_ALL_01","OUT_PART_01","OUT_ANY_01"
2,1,0,2,0,3,20,0,"1",5,0,34,0,29,0,2,7,2,2,0,1,4,2,13,19,2,2,2
1,1,0,1,0,1,0,0,"2",5,0,38,0,33,0,0,0,0,0,0,0,8,0,0,8,1,1,1
12,1,0,1,0,25,10,0,"2",8,0,53,1,45,1,0,5,5,3,2,3,2,2,5,11,2,1,1
13,0,0,2,1,4,20,0,"0",27,1,57,1,30,0,3,5,4,0,7,3,3,1,7,20,1,1,2
2,1,0,2,0,5,20,0,"2",10,1,65,1,55,1,2,11,29,1,0,0,6,2,15,45,2,2,2
1,1,0,1,1,4,20,0,"noinfo",0,0,64,1,64,1,NA,NA,NA,NA,NA,NA,NA,NA,NA,NA,NA,NA,NA
2,1,0,2,1,4,20,0,"1",17,1,47,1,30,0,3,14,10,1,1,0,7,7,16,32,2,2,2
1,1,0,1,0,5,10,0,"2",13,1,44,0,31,0,4,0,1,0,0,0,0,0,4,4,1,1,1
14,1,0,2,1,4,20,0,"1",0,0,24,0,24,0,NA,NA,NA,NA,NA,NA,NA,NA,NA,NA,NA,NA,NA
1,1,0,1,1,4,10,0,"2",6,0,34,0,28,0,1,5,1,1,0,0,8,3,15,18,2,2,1
13,1,4,2,1,4,20,0,"3",9,0,38,0,29,0,0,4,11,0,0,0,7,0,4,19,1,1,1
2,1,0,2,0,5,40,1,"1",5,0,41,0,36,0,3,15,1,1,0,6,3,0,35,35,1,2,2
2,0,4,2,0,3,80,0,"1",10,1,79,1,70,1,4,6,26,1,1,1,7,5,10,44,2,1,2
12,1,0,1,0,34,10,0,"3",8,0,35,0,27,0,NA,NA,NA,NA,NA,NA,NA,NA,NA,NA,NA,NA,NA
2,1,4,2,1,4,0,0,"3",9,0,50,1,42,1,2,4,2,0,0,0,1,1,8,8,1,1,1
2,1,0,2,0,3,30,0,"3",4,0,26,0,22,0,0,0,0,0,0,0,0,0,0,0,1,1,1
13,1,4,2,1,4,30,0,"2",8,0,48,1,40,1,2,7,14,2,0,0,7,5,16,33,2,2,2
2,1,2,12,0,3,10,0,"3",2,0,31,0,29,0,0,0,0,0,0,0,0,0,0,0,1,1,1
1,1,0,12,0,1,40,0,"3",5,0,43,0,38,1,2,4,1,0,0,2,2,1,8,11,1,1,1
1,1,0,1,1,4,10,0,"2",7,0,45,0,38,1,5,16,0,0,0,0,5,2,28,28,2,2,2
2,0,4,2,0,2,80,1,"2",8,0,35,0,27,0,1,9,2,1,0,0,3,1,13,15,1,2,1
1,1,0,1,1,4,0,0,"noinfo",4,0,34,0,30,0,5,7,14,0,0,0,2,2,7,23,2,1,2
2,0,2,2,1,4,10,0,"2",5,0,49,1,44,1,NA,NA,NA,NA,NA,NA,NA,NA,NA,NA,NA,NA,NA
3,0,0,2,1,4,30,0,"0",23,1,69,1,45,1,5,9,32,1,0,0,12,1,19,49,1,2,2
2,1,5,2,1,4,30,0,"2",11,1,45,0,34,0,2,7,1,1,0,0,1,1,11,12,1,1,1
2,1,0,2,0,2,80,1,"2",14,1,58,1,45,1,3,5,2,1,0,0,2,1,11,12,1,1,1
1,1,0,2,1,4,10,0,"2",2,0,43,0,41,1,11,5,0,0,0,0,0,0,16,16,1,2,1
124,1,24,2,0,2,20,0,"3",17,1,53,1,35,0,13,0,0,0,0,13,7,7,20,33,2,2,2
123,1,1,2,0,5,20,1,"1",11,1,60,1,49,1,1,8,36,3,0,0,13,0,9,49,1,1,2
2,1,4,1,0,3,30,0,"3",19,1,51,1,32,0,2,8,2,0,0,0,1,1,10,11,2,1,1
12,0,0,2,1,4,0,0,"0",7,0,46,1,39,1,3,15,31,2,0,0,23,4,20,55,2,2,2
2,1,4,2,0,3,65,0,"2",14,1,94,1,80,1,4,7,4,4,7,5,5,2,14,27,2,2,2
2,1,0,2,0,2,20,0,"1",10,1,24,0,14,0,NA,NA,NA,NA,NA,NA,NA,NA,NA,NA,NA,NA,NA
2,1,0,1,0,2,50,0,"1",15,1,38,0,24,0,NA,NA,NA,NA,NA,NA,NA,NA,NA,NA,NA,NA,NA
23,1,0,2,1,4,NA,0,"1",17,1,52,1,35,0,2,12,28,2,0,0,9,4,19,47,2,2,2
2,0,14,2,3,3,10,0,"3",12,1,68,1,56,1,2,4,0,0,0,0,2,0,8,8,1,1,1
13,1,0,12,1,4,35,0,"2",6,0,45,0,39,1,0,5,1,1,0,0,2,1,9,11,1,1,1
2,1,2,2,0,3,20,0,"3",7,0,57,1,50,1,4,9,0,3,0,0,3,0,15,15,1,2,1
1,1,4,2,0,1,40,0,"0",19,1,61,1,42,1,3,15,29,2,0,0,8,3,19,47,2,2,2
13,1,0,1,1,4,20,0,"2",11,1,41,0,35,0,2,10,23,2,0,0,7,2,11,39,2,2,2
1,1,0,12,1,4,10,0,"2",6,0,44,0,33,0,4,4,1,0,0,0,2,1,11,12,1,1,1
1,1,0,1,1,4,0,0,"3",14,1,121,1,107,1,0,2,0,2,11,0,8,2,0,19,2,1,1
1,1,3,1,0,6,30,0,"3",16,1,58,1,42,1,5,10,5,1,0,0,4,4,19,24,2,2,2
